Model,Loss,Top-1 Accuracy,Top-2 Accuracy,Top-3 Accuracy,Avg Inference Time (s)
VGG16,0.4196251332759857,0.8824267983436584,0.953556478023529,0.978661060333252,0.04332419070239845
VGG19,0.450675368309021,0.8728033304214478,0.9468619227409363,0.970292866230011,0.04432933270681852
ResNet50,0.28970208764076233,0.9071129560470581,0.9665272235870361,0.9849372506141663,0.051473623539114596
ResNet101,0.2512267529964447,0.9246861934661865,0.9686192274093628,0.9853556752204895,0.05801597938377987
MobileNetV3Small,0.34094899892807007,0.8853556513786316,0.9556485414505005,0.9778242707252502,0.04220158395408088
MobileNetV3Large,0.23739419877529144,0.9221757054328918,0.9765690565109253,0.9912133812904358,0.04298510072620344
EfficientNetV2S,0.18530572950839996,0.9460251331329346,0.9828451871871948,0.9924685955047607,0.066805571492247
EfficientNetV2M,0.2771439254283905,0.9133891463279724,0.9715481400489807,0.985774040222168,0.07503072986044146
EfficientNetV2L,0.2776034474372864,0.911297082901001,0.9732217788696289,0.9891213178634644,0.09368997089034843
