Model,Loss,Top-1 Accuracy,Top-2 Accuracy,Top-3 Accuracy,Avg Inference Time (s)
VGG16,0.4131793677806854,0.8836530447006226,0.9507923126220703,0.9749791622161865,0.0450333189825101
VGG19,0.46347135305404663,0.8682235479354858,0.946205198764801,0.9708089828491211,0.046354413131955666
ResNet50,0.26413968205451965,0.9236863851547241,0.9749791622161865,0.9883236289024353,0.05194292822114819
ResNet101,0.22739416360855103,0.9299415946006775,0.9753961563110352,0.9899916648864746,0.07299734832248259
MobileNetV3Small,0.3324992060661316,0.8886572122573853,0.9599666595458984,0.9829024076461792,0.05075182260524441
MobileNetV3Large,0.22899477183818817,0.9291076064109802,0.9787322878837585,0.9920767545700073,0.06429836579021361
EfficientNetV2S,0.16088831424713135,0.9532943964004517,0.9883236289024353,0.9937447905540466,0.07465908515443397
EfficientNetV2M,0.28513315320014954,0.9136780500411987,0.9678899049758911,0.9824854135513306,0.08354397352980612
EfficientNetV2L,0.2495231032371521,0.9257714748382568,0.9770641922950745,0.9908257126808167,0.09585088665431693
